<metadata xml:lang="en"><Esri><CreaDate>20180827</CreaDate><CreaTime>10243500</CreaTime><SyncOnce>FALSE</SyncOnce><DataProperties><lineage><Process ToolSource="C:\Program Files (x86)\ArcGIS\ArcToolbox\Toolboxes\Data Management Tools.tbx\Project" Date="20110419" Time="150633">Project villages_polygons G:\Data\RS\Lowveld\AHPU_subset_Lori-Leyk\BBR_villages__from_GE\BBR_villages_poly_from_GE2007-2009_utm.shp PROJCS['WGS_1984_UTM_Zone_36S',GEOGCS['GCS_WGS_1984',DATUM['D_WGS_1984',SPHEROID['WGS_1984',6378137.0,298.257223563]],PRIMEM['Greenwich',0.0],UNIT['Degree',0.0174532925199433]],PROJECTION['Transverse_Mercator'],PARAMETER['False_Easting',500000.0],PARAMETER['False_Northing',10000000.0],PARAMETER['Central_Meridian',33.0],PARAMETER['Scale_Factor',0.9996],PARAMETER['Latitude_Of_Origin',0.0],UNIT['Meter',1.0]] # GEOGCS['GCS_WGS_1984',DATUM['D_WGS_1984',SPHEROID['WGS_1984',6378137.0,298.257223563]],PRIMEM['Greenwich',0.0],UNIT['Degree',0.0174532925199433]]</Process><Process ToolSource="C:\Program Files (x86)\ArcGIS\ArcToolbox\Toolboxes\Data Management Tools.tbx\RepairGeometry" Date="20110509" Time="170910">RepairGeometry villages2007_2009 DELETE_NULL villages2007_2009</Process><Process ToolSource="C:\Program Files\ArcGIS\Desktop10.0\ArcToolbox\Toolboxes\Data Management Tools.tbx\JoinField" Date="20110511" Time="164942">JoinField C:\NIH\Working\RS_GIS\ProducedData\villages2007_2009.shp Name C:\NIH\Working\RS_GIS\ProducedData\zonal\buff2000year2008.dbf NAME #</Process><Process ToolSource="C:\Program Files\ArcGIS\Desktop10.0\ArcToolbox\Toolboxes\Data Management Tools.tbx\JoinField" Date="20110511" Time="170240">JoinField C:\NIH\Working\RS_GIS\ProducedData\villages2007_2009.shp Name C:\NIH\Working\RS_GIS\ProducedData\zonal\buff500year2000.dbf NAME MEAN</Process><Process ToolSource="C:\Program Files\ArcGIS\Desktop10.0\ArcToolbox\Toolboxes\Data Management Tools.tbx\CalculateField" Date="20110511" Time="170716">CalculateField villages2007_2009 MEAN_1 0 VB #</Process><Process ToolSource="C:\Program Files\ArcGIS\Desktop10.0\ArcToolbox\Toolboxes\Data Management Tools.tbx\DeleteField" Date="20110511" Time="183055">DeleteField villages2007_2009 NAME_1;ZONE_CODE;COUNT;AREA;MIN;MAX;RANGE;MEAN;STD;SUM;MEAN_1</Process><Process ToolSource="C:\Program Files\ArcGIS\Desktop10.0\ArcToolbox\Toolboxes\Data Management Tools.tbx\JoinField" Date="20110511" Time="183222">JoinField C:\NIH\Working\RS_GIS\ProducedData\villages2007_2009.shp Name C:\NIH\Working\RS_GIS\ProducedData\zonal\buff500year2000.dbf NAME MEAN</Process><Process ToolSource="C:\Program Files\ArcGIS\Desktop10.0\ArcToolbox\Toolboxes\Data Management Tools.tbx\DeleteField" Date="20110511" Time="183257">DeleteField villages2007_2009 MEAN</Process><Process ToolSource="C:\Program Files\ArcGIS\Desktop10.0\ArcToolbox\Toolboxes\Data Management Tools.tbx\JoinField" Date="20110511" Time="183424">JoinField C:\NIH\Working\RS_GIS\ProducedData\villages2007_2009.shp Name C:\NIH\Working\RS_GIS\ProducedData\zonal\buff500year2000.dbf NAME Y2000</Process><Process ToolSource="C:\Program Files\ArcGIS\Desktop10.0\ArcToolbox\Toolboxes\Data Management Tools.tbx\JoinField" Date="20110511" Time="184743">JoinField C:\NIH\Working\RS_GIS\ProducedData\villages2007_2009.shp Name C:\NIH\Working\RS_GIS\ProducedData\zonal\buff500year2000.dbf NAME Y2000</Process><Process ToolSource="C:\Program Files\ArcGIS\Desktop10.0\ArcToolbox\Toolboxes\Data Management Tools.tbx\DeleteField" Date="20110511" Time="185236">DeleteField villages2007_2009 Y2000;Y2000_1</Process><Process ToolSource="C:\Program Files\ArcGIS\Desktop10.0\ArcToolbox\Toolboxes\Data Management Tools.tbx\JoinField" Date="20110511" Time="185340">JoinField C:\NIH\Working\RS_GIS\ProducedData\villages2007_2009.shp Name C:\NIH\Working\RS_GIS\ProducedData\zonal\buff500year2000.dbf NAME Y2000</Process><Process ToolSource="C:\Program Files\ArcGIS\Desktop10.0\ArcToolbox\Toolboxes\Data Management Tools.tbx\CalculateField" Date="20110511" Time="185656">CalculateField villages2007_2009 tempID "[FID] + 1" VB #</Process><Process ToolSource="C:\Program Files\ArcGIS\Desktop10.0\ArcToolbox\Toolboxes\Data Management Tools.tbx\DeleteField" Date="20110511" Time="185730">DeleteField villages2007_2009 Y2000</Process><Process ToolSource="C:\Program Files\ArcGIS\Desktop10.0\ArcToolbox\Toolboxes\Data Management Tools.tbx\JoinField" Date="20110511" Time="190017">JoinField C:\NIH\Working\RS_GIS\ProducedData\villages2007_2009.shp Name C:\NIH\Working\RS_GIS\ProducedData\zonal\buff500year2000.dbf NAME Y2000</Process><Process ToolSource="C:\Program Files\ArcGIS\Desktop10.0\ArcToolbox\Toolboxes\Data Management Tools.tbx\JoinField" Date="20110511" Time="190725">JoinField C:\NIH\Working\RS_GIS\ProducedData\villages2007_2009.shp FID C:\NIH\Working\RS_GIS\ProducedData\zonal\buff500year2000.dbf FID_ Y2000</Process><Process ToolSource="C:\Program Files\ArcGIS\Desktop10.0\ArcToolbox\Toolboxes\Data Management Tools.tbx\DeleteField" Date="20110512" Time="114604">DeleteField C:\NIH\Working\RS_GIS\ProducedData\villages2007_2009.shp Y2000;Y2000_1</Process><Process ToolSource="C:\Program Files\ArcGIS\Desktop10.0\ArcToolbox\Toolboxes\Data Management Tools.tbx\JoinField" Date="20110512" Time="115309">JoinField C:\NIH\Working\RS_GIS\ProducedData\villages2007_2009.shp FID C:\NIH\Working\RS_GIS\ProducedData\zonal\buff500year2000.dbf FID_ Y2000</Process><Process ToolSource="C:\Program Files\ArcGIS\Desktop10.0\ArcToolbox\Toolboxes\Data Management Tools.tbx\JoinField" Date="20110512" Time="115313">JoinField C:\NIH\Working\RS_GIS\ProducedData\villages2007_2009.shp FID C:\NIH\Working\RS_GIS\ProducedData\zonal\buff1000year2000.dbf FID_ Y2000</Process><Process ToolSource="C:\Program Files\ArcGIS\Desktop10.0\ArcToolbox\Toolboxes\Data Management Tools.tbx\JoinField" Date="20110512" Time="115316">JoinField C:\NIH\Working\RS_GIS\ProducedData\villages2007_2009.shp FID C:\NIH\Working\RS_GIS\ProducedData\zonal\buff1500year2000.dbf FID_ Y2000</Process><Process ToolSource="C:\Program Files\ArcGIS\Desktop10.0\ArcToolbox\Toolboxes\Data Management Tools.tbx\JoinField" Date="20110512" Time="115319">JoinField C:\NIH\Working\RS_GIS\ProducedData\villages2007_2009.shp FID C:\NIH\Working\RS_GIS\ProducedData\zonal\buff2000year2000.dbf FID_ Y2000</Process><Process ToolSource="C:\Program Files\ArcGIS\Desktop10.0\ArcToolbox\Toolboxes\Data Management Tools.tbx\JoinField" Date="20110512" Time="115322">JoinField C:\NIH\Working\RS_GIS\ProducedData\villages2007_2009.shp FID C:\NIH\Working\RS_GIS\ProducedData\zonal\buff500year2001.dbf FID_ Y2001</Process><Process ToolSource="C:\Program Files\ArcGIS\Desktop10.0\ArcToolbox\Toolboxes\Data Management Tools.tbx\JoinField" Date="20110512" Time="115326">JoinField C:\NIH\Working\RS_GIS\ProducedData\villages2007_2009.shp FID C:\NIH\Working\RS_GIS\ProducedData\zonal\buff1000year2001.dbf FID_ Y2001</Process><Process ToolSource="C:\Program Files\ArcGIS\Desktop10.0\ArcToolbox\Toolboxes\Data Management Tools.tbx\JoinField" Date="20110512" Time="115329">JoinField C:\NIH\Working\RS_GIS\ProducedData\villages2007_2009.shp FID C:\NIH\Working\RS_GIS\ProducedData\zonal\buff1500year2001.dbf FID_ Y2001</Process><Process ToolSource="C:\Program Files\ArcGIS\Desktop10.0\ArcToolbox\Toolboxes\Data Management Tools.tbx\JoinField" Date="20110512" Time="115332">JoinField C:\NIH\Working\RS_GIS\ProducedData\villages2007_2009.shp FID C:\NIH\Working\RS_GIS\ProducedData\zonal\buff2000year2001.dbf FID_ Y2001</Process><Process ToolSource="C:\Program Files\ArcGIS\Desktop10.0\ArcToolbox\Toolboxes\Data Management Tools.tbx\JoinField" Date="20110512" Time="115335">JoinField C:\NIH\Working\RS_GIS\ProducedData\villages2007_2009.shp FID C:\NIH\Working\RS_GIS\ProducedData\zonal\buff500year2002.dbf FID_ Y2002</Process><Process ToolSource="C:\Program Files\ArcGIS\Desktop10.0\ArcToolbox\Toolboxes\Data Management Tools.tbx\JoinField" Date="20110512" Time="115338">JoinField C:\NIH\Working\RS_GIS\ProducedData\villages2007_2009.shp FID C:\NIH\Working\RS_GIS\ProducedData\zonal\buff1000year2002.dbf FID_ Y2002</Process><Process ToolSource="C:\Program Files\ArcGIS\Desktop10.0\ArcToolbox\Toolboxes\Data Management Tools.tbx\JoinField" Date="20110512" Time="115342">JoinField C:\NIH\Working\RS_GIS\ProducedData\villages2007_2009.shp FID C:\NIH\Working\RS_GIS\ProducedData\zonal\buff1500year2002.dbf FID_ Y2002</Process><Process ToolSource="C:\Program Files\ArcGIS\Desktop10.0\ArcToolbox\Toolboxes\Data Management Tools.tbx\JoinField" Date="20110512" Time="115345">JoinField C:\NIH\Working\RS_GIS\ProducedData\villages2007_2009.shp FID C:\NIH\Working\RS_GIS\ProducedData\zonal\buff2000year2002.dbf FID_ Y2002</Process><Process ToolSource="C:\Program Files\ArcGIS\Desktop10.0\ArcToolbox\Toolboxes\Data Management Tools.tbx\JoinField" Date="20110512" Time="115348">JoinField C:\NIH\Working\RS_GIS\ProducedData\villages2007_2009.shp FID C:\NIH\Working\RS_GIS\ProducedData\zonal\buff500year2003.dbf FID_ Y2003</Process><Process ToolSource="C:\Program Files\ArcGIS\Desktop10.0\ArcToolbox\Toolboxes\Data Management Tools.tbx\JoinField" Date="20110512" Time="115352">JoinField C:\NIH\Working\RS_GIS\ProducedData\villages2007_2009.shp FID C:\NIH\Working\RS_GIS\ProducedData\zonal\buff1000year2003.dbf FID_ Y2003</Process><Process ToolSource="C:\Program Files\ArcGIS\Desktop10.0\ArcToolbox\Toolboxes\Data Management Tools.tbx\JoinField" Date="20110512" Time="115355">JoinField C:\NIH\Working\RS_GIS\ProducedData\villages2007_2009.shp FID C:\NIH\Working\RS_GIS\ProducedData\zonal\buff1500year2003.dbf FID_ Y2003</Process><Process ToolSource="C:\Program Files\ArcGIS\Desktop10.0\ArcToolbox\Toolboxes\Data Management Tools.tbx\JoinField" Date="20110512" Time="115358">JoinField C:\NIH\Working\RS_GIS\ProducedData\villages2007_2009.shp FID C:\NIH\Working\RS_GIS\ProducedData\zonal\buff2000year2003.dbf FID_ Y2003</Process><Process ToolSource="C:\Program Files\ArcGIS\Desktop10.0\ArcToolbox\Toolboxes\Data Management Tools.tbx\JoinField" Date="20110512" Time="115402">JoinField C:\NIH\Working\RS_GIS\ProducedData\villages2007_2009.shp FID C:\NIH\Working\RS_GIS\ProducedData\zonal\buff500year2004.dbf FID_ Y2004</Process><Process ToolSource="C:\Program Files\ArcGIS\Desktop10.0\ArcToolbox\Toolboxes\Data Management Tools.tbx\JoinField" Date="20110512" Time="115405">JoinField C:\NIH\Working\RS_GIS\ProducedData\villages2007_2009.shp FID C:\NIH\Working\RS_GIS\ProducedData\zonal\buff1000year2004.dbf FID_ Y2004</Process><Process ToolSource="C:\Program Files\ArcGIS\Desktop10.0\ArcToolbox\Toolboxes\Data Management Tools.tbx\JoinField" Date="20110512" Time="115408">JoinField C:\NIH\Working\RS_GIS\ProducedData\villages2007_2009.shp FID C:\NIH\Working\RS_GIS\ProducedData\zonal\buff1500year2004.dbf FID_ Y2004</Process><Process ToolSource="C:\Program Files\ArcGIS\Desktop10.0\ArcToolbox\Toolboxes\Data Management Tools.tbx\JoinField" Date="20110512" Time="115412">JoinField C:\NIH\Working\RS_GIS\ProducedData\villages2007_2009.shp FID C:\NIH\Working\RS_GIS\ProducedData\zonal\buff2000year2004.dbf FID_ Y2004</Process><Process ToolSource="C:\Program Files\ArcGIS\Desktop10.0\ArcToolbox\Toolboxes\Data Management Tools.tbx\JoinField" Date="20110512" Time="115416">JoinField C:\NIH\Working\RS_GIS\ProducedData\villages2007_2009.shp FID C:\NIH\Working\RS_GIS\ProducedData\zonal\buff500year2005.dbf FID_ Y2005</Process><Process ToolSource="C:\Program Files\ArcGIS\Desktop10.0\ArcToolbox\Toolboxes\Data Management Tools.tbx\JoinField" Date="20110512" Time="115420">JoinField C:\NIH\Working\RS_GIS\ProducedData\villages2007_2009.shp FID C:\NIH\Working\RS_GIS\ProducedData\zonal\buff1000year2005.dbf FID_ Y2005</Process><Process ToolSource="C:\Program Files\ArcGIS\Desktop10.0\ArcToolbox\Toolboxes\Data Management Tools.tbx\JoinField" Date="20110512" Time="115423">JoinField C:\NIH\Working\RS_GIS\ProducedData\villages2007_2009.shp FID C:\NIH\Working\RS_GIS\ProducedData\zonal\buff1500year2005.dbf FID_ Y2005</Process><Process ToolSource="C:\Program Files\ArcGIS\Desktop10.0\ArcToolbox\Toolboxes\Data Management Tools.tbx\JoinField" Date="20110512" Time="115427">JoinField C:\NIH\Working\RS_GIS\ProducedData\villages2007_2009.shp FID C:\NIH\Working\RS_GIS\ProducedData\zonal\buff2000year2005.dbf FID_ Y2005</Process><Process ToolSource="C:\Program Files\ArcGIS\Desktop10.0\ArcToolbox\Toolboxes\Data Management Tools.tbx\JoinField" Date="20110512" Time="115431">JoinField C:\NIH\Working\RS_GIS\ProducedData\villages2007_2009.shp FID C:\NIH\Working\RS_GIS\ProducedData\zonal\buff500year2006.dbf FID_ Y2006</Process><Process ToolSource="C:\Program Files\ArcGIS\Desktop10.0\ArcToolbox\Toolboxes\Data Management Tools.tbx\JoinField" Date="20110512" Time="115434">JoinField C:\NIH\Working\RS_GIS\ProducedData\villages2007_2009.shp FID C:\NIH\Working\RS_GIS\ProducedData\zonal\buff1000year2006.dbf FID_ Y2006</Process><Process ToolSource="C:\Program Files\ArcGIS\Desktop10.0\ArcToolbox\Toolboxes\Data Management Tools.tbx\JoinField" Date="20110512" Time="115437">JoinField C:\NIH\Working\RS_GIS\ProducedData\villages2007_2009.shp FID C:\NIH\Working\RS_GIS\ProducedData\zonal\buff1500year2006.dbf FID_ Y2006</Process><Process ToolSource="C:\Program Files\ArcGIS\Desktop10.0\ArcToolbox\Toolboxes\Data Management Tools.tbx\JoinField" Date="20110512" Time="115440">JoinField C:\NIH\Working\RS_GIS\ProducedData\villages2007_2009.shp FID C:\NIH\Working\RS_GIS\ProducedData\zonal\buff2000year2006.dbf FID_ Y2006</Process><Process ToolSource="C:\Program Files\ArcGIS\Desktop10.0\ArcToolbox\Toolboxes\Data Management Tools.tbx\JoinField" Date="20110512" Time="115444">JoinField C:\NIH\Working\RS_GIS\ProducedData\villages2007_2009.shp FID C:\NIH\Working\RS_GIS\ProducedData\zonal\buff500year2007.dbf FID_ Y2007</Process><Process ToolSource="C:\Program Files\ArcGIS\Desktop10.0\ArcToolbox\Toolboxes\Data Management Tools.tbx\JoinField" Date="20110512" Time="115447">JoinField C:\NIH\Working\RS_GIS\ProducedData\villages2007_2009.shp FID C:\NIH\Working\RS_GIS\ProducedData\zonal\buff1000year2007.dbf FID_ Y2007</Process><Process ToolSource="C:\Program Files\ArcGIS\Desktop10.0\ArcToolbox\Toolboxes\Data Management Tools.tbx\JoinField" Date="20110512" Time="115451">JoinField C:\NIH\Working\RS_GIS\ProducedData\villages2007_2009.shp FID C:\NIH\Working\RS_GIS\ProducedData\zonal\buff1500year2007.dbf FID_ Y2007</Process><Process ToolSource="C:\Program Files\ArcGIS\Desktop10.0\ArcToolbox\Toolboxes\Data Management Tools.tbx\JoinField" Date="20110512" Time="115455">JoinField C:\NIH\Working\RS_GIS\ProducedData\villages2007_2009.shp FID C:\NIH\Working\RS_GIS\ProducedData\zonal\buff2000year2007.dbf FID_ Y2007</Process><Process ToolSource="C:\Program Files\ArcGIS\Desktop10.0\ArcToolbox\Toolboxes\Data Management Tools.tbx\JoinField" Date="20110512" Time="115459">JoinField C:\NIH\Working\RS_GIS\ProducedData\villages2007_2009.shp FID C:\NIH\Working\RS_GIS\ProducedData\zonal\buff500year2008.dbf FID_ Y2008</Process><Process ToolSource="C:\Program Files\ArcGIS\Desktop10.0\ArcToolbox\Toolboxes\Data Management Tools.tbx\JoinField" Date="20110512" Time="115503">JoinField C:\NIH\Working\RS_GIS\ProducedData\villages2007_2009.shp FID C:\NIH\Working\RS_GIS\ProducedData\zonal\buff1000year2008.dbf FID_ Y2008</Process><Process ToolSource="C:\Program Files\ArcGIS\Desktop10.0\ArcToolbox\Toolboxes\Data Management Tools.tbx\JoinField" Date="20110512" Time="115506">JoinField C:\NIH\Working\RS_GIS\ProducedData\villages2007_2009.shp FID C:\NIH\Working\RS_GIS\ProducedData\zonal\buff1500year2008.dbf FID_ Y2008</Process><Process ToolSource="C:\Program Files\ArcGIS\Desktop10.0\ArcToolbox\Toolboxes\Data Management Tools.tbx\JoinField" Date="20110512" Time="115510">JoinField C:\NIH\Working\RS_GIS\ProducedData\villages2007_2009.shp FID C:\NIH\Working\RS_GIS\ProducedData\zonal\buff2000year2008.dbf FID_ Y2008</Process><Process ToolSource="C:\Program Files\ArcGIS\Desktop10.0\ArcToolbox\Toolboxes\Data Management Tools.tbx\DeleteField" Date="20110512" Time="134053">DeleteField C:\NIH\Working\RS_GIS\ProducedData\villages2007_2009.shp Y2000;Y2000_1;Y2000_12;Y2000_1_13;Y2001;Y2001_1;Y2001_12;Y2001_1_13;Y2002;Y2002_1;Y2002_12;Y2002_1_13;Y2003;Y2003_1;Y2003_12;Y2003_1_13;Y2004;Y2004_1;Y2004_12;Y2004_1_13;Y2005;Y2005_1;Y2005_12;Y2005_1_13;Y2006;Y2006_1;Y2006_12;Y2006_1_13;Y2007;Y2007_1;Y2007_12;Y2007_1_13;Y2008;Y2008_1;Y2008_12;Y2008_1_13</Process><Process ToolSource="c:\program files (x86)\arcgis\desktop10.4\ArcToolbox\Toolboxes\Data Management Tools.tbx\CalculateField" Date="20180827" Time="102523">CalculateField Villages_2018 InDB "Y" VB #</Process><Process ToolSource="c:\program files (x86)\arcgis\desktop10.4\ArcToolbox\Toolboxes\Data Management Tools.tbx\CalculateField" Date="20180827" Time="104344">CalculateField Villages_2018 InDB "Y" VB #</Process><Process ToolSource="c:\program files (x86)\arcgis\desktop10.4\ArcToolbox\Toolboxes\Data Management Tools.tbx\CalculateField" Date="20180827" Time="112459">CalculateField Villages_2018 InDB "Y" VB #</Process><Process ToolSource="c:\program files (x86)\arcgis\desktop10.4\ArcToolbox\Toolboxes\Data Management Tools.tbx\CalculateField" Date="20180827" Time="112515">CalculateField Villages_2018 InDB "?" VB #</Process><Process ToolSource="c:\program files (x86)\arcgis\desktop10.4\ArcToolbox\Toolboxes\Data Management Tools.tbx\CalculateField" Date="20180827" Time="112716">CalculateField Villages_2018 InDB "Y" VB #</Process><Process ToolSource="c:\program files (x86)\arcgis\desktop10.4\ArcToolbox\Toolboxes\Data Management Tools.tbx\CalculateField" Date="20180827" Time="112739">CalculateField Villages_2018 InDB "Y" VB #</Process><Process ToolSource="c:\program files (x86)\arcgis\desktop10.4\ArcToolbox\Toolboxes\Data Management Tools.tbx\CalculateField" Date="20180827" Time="112807">CalculateField Villages_2018 InDB "Y" VB #</Process><Process ToolSource="c:\program files (x86)\arcgis\desktop10.4\ArcToolbox\Toolboxes\Data Management Tools.tbx\CalculateField" Date="20180827" Time="114423">CalculateField Villages_2018 NewName "Ireagh A" VB #</Process><Process ToolSource="c:\program files (x86)\arcgis\desktop10.4\ArcToolbox\Toolboxes\Data Management Tools.tbx\CalculateField" Date="20180827" Time="122706">CalculateField Villages_2018 NewName "Justica B" VB #</Process><Process ToolSource="c:\program files (x86)\arcgis\desktop10.4\ArcToolbox\Toolboxes\Data Management Tools.tbx\CalculateField" Date="20180827" Time="122721">CalculateField Villages_2018 NewID "19" VB #</Process><Process ToolSource="c:\program files (x86)\arcgis\desktop10.4\ArcToolbox\Toolboxes\Data Management Tools.tbx\CalculateField" Date="20180904" Time="132339">CalculateField Villages_2018 InDB "Y" VB #</Process></lineage><itemProps><itemLocation><linkage Sync="TRUE">file://\\DESKTOP-ODMV58U\Users\cathe\Documents\Projects\NIH_Agincourt\spatial_masking\data\villages\minbound10k.shp</linkage><protocol Sync="TRUE">Local Area Network</protocol></itemLocation><itemName Sync="TRUE">minbound10k</itemName><imsContentType Sync="TRUE">002</imsContentType><itemSize Sync="TRUE">0.000</itemSize></itemProps><copyHistory><copy source="C:\NIH\Working\RS_GIS\ProducedData\villages2007_2009" dest="\\ALENIO-PC\C$\NIH\Working\RS_GIS\may20\villages2007_2009" date="20110519" time="18452400"></copy></copyHistory><coordRef><type Sync="TRUE">Projected</type><geogcsn Sync="TRUE">GCS_WGS_1984</geogcsn><csUnits Sync="TRUE">Linear Unit: Meter (1.000000)</csUnits><projcsn Sync="TRUE">WGS_1984_UTM_Zone_36S</projcsn><peXml Sync="TRUE">&lt;ProjectedCoordinateSystem xsi:type='typens:ProjectedCoordinateSystem' xmlns:xsi='http://www.w3.org/2001/XMLSchema-instance' xmlns:xs='http://www.w3.org/2001/XMLSchema' xmlns:typens='http://www.esri.com/schemas/ArcGIS/10.4'&gt;&lt;WKT&gt;PROJCS[&amp;quot;WGS_1984_UTM_Zone_36S&amp;quot;,GEOGCS[&amp;quot;GCS_WGS_1984&amp;quot;,DATUM[&amp;quot;D_WGS_1984&amp;quot;,SPHEROID[&amp;quot;WGS_1984&amp;quot;,6378137.0,298.257223563]],PRIMEM[&amp;quot;Greenwich&amp;quot;,0.0],UNIT[&amp;quot;Degree&amp;quot;,0.0174532925199433]],PROJECTION[&amp;quot;Transverse_Mercator&amp;quot;],PARAMETER[&amp;quot;False_Easting&amp;quot;,500000.0],PARAMETER[&amp;quot;False_Northing&amp;quot;,10000000.0],PARAMETER[&amp;quot;Central_Meridian&amp;quot;,33.0],PARAMETER[&amp;quot;Scale_Factor&amp;quot;,0.9996],PARAMETER[&amp;quot;Latitude_Of_Origin&amp;quot;,0.0],UNIT[&amp;quot;Meter&amp;quot;,1.0],AUTHORITY[&amp;quot;EPSG&amp;quot;,32736]]&lt;/WKT&gt;&lt;XOrigin&gt;-5120900&lt;/XOrigin&gt;&lt;YOrigin&gt;1900&lt;/YOrigin&gt;&lt;XYScale&gt;450445547.3910538&lt;/XYScale&gt;&lt;ZOrigin&gt;-100000&lt;/ZOrigin&gt;&lt;ZScale&gt;10000&lt;/ZScale&gt;&lt;MOrigin&gt;-100000&lt;/MOrigin&gt;&lt;MScale&gt;10000&lt;/MScale&gt;&lt;XYTolerance&gt;0.001&lt;/XYTolerance&gt;&lt;ZTolerance&gt;0.001&lt;/ZTolerance&gt;&lt;MTolerance&gt;0.001&lt;/MTolerance&gt;&lt;HighPrecision&gt;true&lt;/HighPrecision&gt;&lt;WKID&gt;32736&lt;/WKID&gt;&lt;LatestWKID&gt;32736&lt;/LatestWKID&gt;&lt;/ProjectedCoordinateSystem&gt;</peXml></coordRef></DataProperties><ArcGISFormat>1.0</ArcGISFormat><SyncDate>20180904</SyncDate><SyncTime>15074900</SyncTime><ModDate>20180904</ModDate><ModTime>15074900</ModTime></Esri><idinfo><citation><citeinfo><onlink Sync="TRUE"></onlink></citeinfo></citation></idinfo><distInfo><distributor><distorTran><onLineSrc><linkage Sync="TRUE">file://</linkage><protocol Sync="TRUE">Local Area Network</protocol></onLineSrc></distorTran></distributor><distFormat><formatName Sync="TRUE">Shapefile</formatName></distFormat><distTranOps><transSize Sync="TRUE">0.000</transSize></distTranOps></distInfo><dataqual><lineage><procstep><procdesc Sync="TRUE">Dataset copied.</procdesc><srcused Sync="TRUE"></srcused><procdate Sync="TRUE">20110509</procdate><proctime Sync="TRUE">17064500</proctime></procstep></lineage></dataqual><dataIdInfo><envirDesc Sync="TRUE"> Version 6.2 (Build 9200) ; Esri ArcGIS 10.4.0.5524</envirDesc><dataLang><languageCode value="eng" Sync="TRUE"></languageCode><countryCode value="USA" Sync="TRUE"></countryCode></dataLang><idCitation><resTitle Sync="TRUE">minbound10k</resTitle><presForm><PresFormCd value="005" Sync="TRUE"></PresFormCd></presForm></idCitation><spatRpType><SpatRepTypCd value="001" Sync="TRUE"></SpatRepTypCd></spatRpType></dataIdInfo><mdLang><languageCode value="eng" Sync="TRUE"></languageCode><countryCode value="USA" Sync="TRUE"></countryCode></mdLang><mdHrLv><ScopeCd value="005" Sync="TRUE"></ScopeCd></mdHrLv><mdHrLvName Sync="TRUE">dataset</mdHrLvName><refSysInfo><RefSystem><refSysID><identCode code="32736" Sync="TRUE"></identCode><idCodeSpace Sync="TRUE">EPSG</idCodeSpace><idVersion Sync="TRUE">2.1(3.0.1)</idVersion></refSysID></RefSystem></refSysInfo><spatRepInfo><VectSpatRep><geometObjs Name="minbound10k"><geoObjTyp><GeoObjTypCd value="002" Sync="TRUE"></GeoObjTypCd></geoObjTyp><geoObjCnt Sync="TRUE">0</geoObjCnt></geometObjs><topLvl><TopoLevCd value="001" Sync="TRUE"></TopoLevCd></topLvl></VectSpatRep></spatRepInfo><spdoinfo><ptvctinf><esriterm Name="minbound10k"><efeatyp Sync="TRUE">Simple</efeatyp><efeageom code="4" Sync="TRUE"></efeageom><esritopo Sync="TRUE">FALSE</esritopo><efeacnt Sync="TRUE">0</efeacnt><spindex Sync="TRUE">FALSE</spindex><linrefer Sync="TRUE">FALSE</linrefer></esriterm></ptvctinf></spdoinfo><eainfo><detailed Name="minbound10k"><enttyp><enttypl Sync="TRUE">minbound10k</enttypl><enttypt Sync="TRUE">Feature Class</enttypt><enttypc Sync="TRUE">0</enttypc></enttyp><attr><attrlabl Sync="TRUE">FID</attrlabl><attalias Sync="TRUE">FID</attalias><attrtype Sync="TRUE">OID</attrtype><attwidth Sync="TRUE">4</attwidth><atprecis Sync="TRUE">0</atprecis><attscale Sync="TRUE">0</attscale><attrdef Sync="TRUE">Internal feature number.</attrdef><attrdefs Sync="TRUE">Esri</attrdefs><attrdomv><udom Sync="TRUE">Sequential unique whole numbers that are automatically generated.</udom></attrdomv></attr><attr><attrlabl Sync="TRUE">Shape</attrlabl><attalias Sync="TRUE">Shape</attalias><attrtype Sync="TRUE">Geometry</attrtype><attwidth Sync="TRUE">0</attwidth><atprecis Sync="TRUE">0</atprecis><attscale Sync="TRUE">0</attscale><attrdef Sync="TRUE">Feature geometry.</attrdef><attrdefs Sync="TRUE">Esri</attrdefs><attrdomv><udom Sync="TRUE">Coordinates defining the features.</udom></attrdomv></attr><attr><attrlabl Sync="TRUE">Shape_Leng</attrlabl><attalias Sync="TRUE">Shape_Leng</attalias><attrtype Sync="TRUE">Double</attrtype><attwidth Sync="TRUE">19</attwidth><atprecis Sync="TRUE">0</atprecis><attscale Sync="TRUE">0</attscale></attr><attr><attrlabl Sync="TRUE">Shape_Area</attrlabl><attalias Sync="TRUE">Shape_Area</attalias><attrtype Sync="TRUE">Double</attrtype><attwidth Sync="TRUE">19</attwidth><atprecis Sync="TRUE">0</atprecis><attscale Sync="TRUE">0</attscale><attrdef Sync="TRUE">Area of feature in internal units squared.</attrdef><attrdefs Sync="TRUE">Esri</attrdefs><attrdomv><udom Sync="TRUE">Positive real numbers that are automatically generated.</udom></attrdomv></attr><attr><attrlabl Sync="TRUE">ORIG_FID</attrlabl><attalias Sync="TRUE">ORIG_FID</attalias><attrtype Sync="TRUE">Integer</attrtype><attwidth Sync="TRUE">10</attwidth><atprecis Sync="TRUE">10</atprecis><attscale Sync="TRUE">0</attscale></attr></detailed></eainfo><mdDateSt Sync="TRUE">20180904</mdDateSt></metadata>
